編號,LOG圖片名稱,LOG圖文件,服務項目類別
47,美的集團5555  ,hg_2_8.gif  ,電子電機領域 | Document Translation   
46,美的集團  ,201288223829584.gif  ,電子電機領域 | Document Translation   
45,123,2012814143510975.jpg  ,醫學領域 | Proofreading   
44,布?.jpg  ,布?.jpg  ,環境科學領域 | Multilingual Website   
43,阿?山天池.jpg  ,阿?山天池.jpg  ,環境科學領域 | Multilingual Website   
42,大召寺.jpg  ,大召寺.jpg  ,電子電機領域 | Document Translation   
41,布?.jpg  ,布?.jpg  ,電子電機領域 | Document Translation   
40,123213,  ,文學藝術領域 | Film Translation   
39,圖片名稱  ,LOG  ,電子電機領域 | Document Translation   
37,美的集團  ,201288223829584.gif  ,電子電機領域 | Document Translation   
36,123,2012814143510975.jpg  ,醫學領域 | Proofreading   
35,布?.jpg  ,布?.jpg  ,環境科學領域 | Multilingual Website   
34,阿?山天池.jpg  ,阿?山天池.jpg  ,環境科學領域 | Multilingual Website   
33,大召寺.jpg  ,大召寺.jpg  ,電子電機領域 | Document Translation   
32,布?.jpg  ,布?.jpg  ,電子電機領域 | Document Translation   
31,123213,  ,文學藝術領域 | Film Translation   
30,圖片名稱  ,LOG  ,電子電機領域 | Document Translation   
29,美的集團 111  ,201288223829584.gif  ,電子電機領域 | Document Translation   
28,美的集團  ,201288223829584.gif  ,電子電機領域 | Document Translation   
27,123,2012814143510975.jpg  ,醫學領域 | Proofreading   
26,布?.jpg  ,布?.jpg  ,環境科學領域 | Multilingual Website   
25,阿?山天池.jpg  ,阿?山天池.jpg  ,環境科學領域 | Multilingual Website   
24,大召寺.jpg  ,大召寺.jpg  ,電子電機領域 | Document Translation   
23,布?.jpg  ,布?.jpg  ,電子電機領域 | Document Translation   
22,123213,  ,文學藝術領域 | Film Translation   
21,圖片名稱  ,LOG  ,電子電機領域 | Document Translation   
19,123213,  ,文學藝術領域 | Film Translation   
20,圖片名稱  ,LOG  ,電子電機領域 | Document Translation   
18,布?.jpg  ,布?.jpg  ,電子電機領域 | Document Translation   
17,大召寺.jpg  ,大召寺.jpg  ,電子電機領域 | Document Translation   
16,阿?山天池.jpg  ,阿?山天池.jpg  ,環境科學領域 | Multilingual Website   
15,布?.jpg  ,布?.jpg  ,環境科學領域 | Multilingual Website   
2,123,2012814143510975.jpg  ,醫學領域 | Proofreading   
1,美的集團  ,201288223829584.gif  ,電子電機領域 | Document Translation   
34543,345345,hg_2_8.gif  ,3465356456
