編號,廠商名稱,超連結,擺放位置
393,專業網頁設計,www.x-marketing.com.tw,其它頁及友好連結
392,國際行銷公司,www.x-marketing.com.tw,其它頁及友好連結
391,國際行銷,www.x-marketing.com.tw,其它頁及友好連結
390,部落格行銷公司,www.x-marketing.com.tw,其它頁及友好連結
389,網路行銷公司,www.x-marketing.com.tw,其它頁及友好連結
388,網站排名,www.x-marketing.com.tw,其它頁及友好連結
387,書籍翻譯,www.translations.com.tw,其它頁及友好連結
386,隨行口譯 價格,www.translations.com.tw,其它頁及友好連結
385,日文合約翻譯,www.translations.com.tw,其它頁及友好連結
384,翻譯公司價格,www.translations.com.tw,其它頁及友好連結
383,台北翻譯公司,www.translations.com.tw,其它頁及友好連結
382,英文期刊論文,www.translations.com.tw,其它頁及友好連結
381,論文英文摘要,www.translations.com.tw,其它頁及友好連結
380,英文文章翻譯,www.translations.com.tw,其它頁及友好連結
379,翻譯公司推薦,www.translations.com.tw,其它頁及友好連結
378,越文翻譯,www.translations.com.tw,其它頁及友好連結
377,隨行翻譯,www.translations.com.tw,其它頁及友好連結
376,英文合約翻譯,www.translations.com.tw,其它頁及友好連結
375,桃園翻譯公司,www.translations.com.tw,其它頁及友好連結
374,菜單翻譯,www.translations.com.tw,其它頁及友好連結
373,論文翻譯價格,www.translations.com.tw,其它頁及友好連結
372,碩士論文 英文,www.translations.com.tw,其它頁及友好連結
371,英文翻譯公司,www.translations.com.tw,其它頁及友好連結
370,學術論文翻譯,www.translations.com.tw,其它頁及友好連結
369,論文英文翻譯,www.translations.com.tw,其它頁及友好連結
368,泰文翻譯,www.translations.com.tw,其它頁及友好連結
367,合約翻譯,www.translations.com.tw,其它頁及友好連結
366,台北翻譯公司,www.translations.com.tw,其它頁及友好連結
365,英文校稿,www.translations.com.tw,其它頁及友好連結
364,英文論文翻譯,www.translations.com.tw,其它頁及友好連結
363,翻譯期刊,www.translations.com.tw,其它頁及友好連結
362,醫學翻譯,www.translations.com.tw,其它頁及友好連結
361,日文翻譯公司,www.translations.com.tw,其它頁及友好連結
360,論文摘要翻譯,www.translations.com.tw,其它頁及友好連結
359,同步口譯,www.translations.com.tw,其它頁及友好連結
358,法律翻譯,www.translations.com.tw,其它頁及友好連結
357,高雄翻譯公司,www.translations.com.tw,其它頁及友好連結
356,台中翻譯公司,www.translations.com.tw,其它頁及友好連結
355,翻譯日文網站,www.translations.com.tw,其它頁及友好連結
354,翻譯公司 台北,www.translations.com.tw,其它頁及友好連結
353,翻譯公司價格,www.translations.com.tw,其它頁及友好連結
352,論文翻譯,www.translations.com.tw,其它頁及友好連結
351,韓文翻譯公司,www.translations.com.tw,其它頁及友好連結
350,英文翻譯公司,www.translations.com.tw,其它頁及友好連結
349,論文翻譯公司,www.translations.com.tw,其它頁及友好連結
348,英文翻譯公司,www.translations.com.tw,其它頁及友好連結
347,韓文翻譯,www.translations.com.tw,其它頁及友好連結
346,日文翻譯,www.translations.com.tw,其它頁及友好連結
345,英文翻譯,www.translations.com.tw,其它頁及友好連結
344,翻譯公司,www.translations.com.tw,其它頁及友好連結
343,翻譯公司,www.translations.com.tw,其它頁及友好連結
342,台灣翻譯公司,www.houguan-translation-services.com,其它頁及友好連結
341,法文翻譯中文,www.houguan-translation-services.com,其它頁及友好連結
340,英文校稿,www.houguan-translation-services.com,其它頁及友好連結
339,高雄翻譯公司,www.houguan-translation-services.com,其它頁及友好連結
338,日文遊戲翻譯,www.houguan-translation-services.com,其它頁及友好連結
337,翻譯期刊,www.houguan-translation-services.com,其它頁及友好連結
336,書籍翻譯,www.houguan-translation-services.com,其它頁及友好連結
335,台中翻譯公司,www.houguan-translation-services.com,其它頁及友好連結
334,翻譯法文,www.houguan-translation-services.com,其它頁及友好連結
333,桃園翻譯公司,www.houguan-translation-services.com,其它頁及友好連結
332,英文論文編修,www.houguan-translation-services.com,其它頁及友好連結
331,英文期刊翻譯,www.houguan-translation-services.com,其它頁及友好連結
330,醫學期刊翻譯,www.houguan-translation-services.com,其它頁及友好連結
329,碩士論文 英文,www.houguan-translation-services.com,其它頁及友好連結
328,英文期刊論文,www.houguan-translation-services.com,其它頁及友好連結
327,期刊翻譯,www.houguan-translation-services.com,其它頁及友好連結
326,韓文翻譯公司,www.houguan-translation-services.com,其它頁及友好連結
325,英文翻譯公司,www.houguan-translation-services.com,其它頁及友好連結
324,論文翻譯公司,www.houguan-translation-services.com,其它頁及友好連結
323,英文翻譯公司,www.houguan-translation-services.com,其它頁及友好連結
322,韓文翻譯,www.houguan-translation-services.com,其它頁及友好連結
321,日文翻譯,www.houguan-translation-services.com,其它頁及友好連結
320,英文翻譯,www.houguan-translation-services.com,其它頁及友好連結
319,翻譯公司,www.houguan-translation-services.com,其它頁及友好連結
318,翻譯公司,www.houguan-translation-services.com,其它頁及友好連結
317,professional translation services,www.chinese-translationservices.com,首頁
316,document translation services,www.chinese-translationservices.com,首頁
315,chinese  translation services,www.chinese-translationservices.com,首頁
314,cheap translation services,www.chinese-translationservices.com,首頁
313,韓文翻譯,www.translations.com.tw,首頁
312,日文翻譯,www.translations.com.tw,首頁
311,英文翻譯,www.translations.com.tw,首頁
310,翻譯公司,www.translations.com.tw,首頁
309,韓文翻譯,www.houguan-translation-services.com,首頁
308,日文翻譯,www.houguan-translation-services.com,首頁
307,英文翻譯,www.houguan-translation-services.com,首頁
306,翻譯公司,www.houguan-translation-services.com,首頁
305,連接器,www.wisconn.com.tw,首頁
304,國際行銷公司,www.x-marketing.com.tw,首頁
303,翻譯公司,www.translations.com.tw,首頁
396,document translation services,www.chinese-translationservices.com,其它頁及友好連結
394,cheap translation services,www.chinese-translationservices.com,其它頁及友好連結
395,chinese  translation services,www.chinese-translationservices.com,其它頁及友好連結
302,翻譯公司,www.houguan-translation-services.com,首頁
397,professional translation services,www.chinese-translationservices.com,其它頁及友好連結
